Fred_Curlyfries@3mU.com, Fred, Curlyfries,pink,darkred                                                                                                                                                                                                                                                                                                                                                                                                                                                                          John_May@btKi.com, John, May,purple,lightgreen                                                                                                                                                                                                                                                                                                                                                                                                                                                                                  Ward_Moore@sZlDH7.com, Ward, Moore,lightyellow,lightblue                                                                                                                                                                                                                                                                                                                                                                                                                                                                        Moe_Johnson@Hp.com, Moe, Johnson,purple,grey                                                                                                                                                                                                                                                                                                                                                                                                                                                                                    Barney_Bobson@rm.com, Barney, Bobson,lightyellow,grey                                                                                                                                                                                                                                                                                                                                                                                                                                                                           Curly_Wayne@zTX.com, Curly, Wayne,lightblue,red                                                                                                                                                                                                                                                                                                                                                                                                                                                                                 Barney_Johnson@0aSzD.net, Barney, Johnson,grey,orange                                                                                                                                                                                                                                                                                                                                                                                                                                                                           Larry_Mother@RiNBCg.com, Larry, Mother,lightgreen,brown                                                                                                                                                                                                                                                                                                                                                                                                                                                                         Curly_Moore@jkN.com, Curly, Moore,orange,yellow                                                                                                                                                                                                                                                                                                                                                                                                                                                                                 Barney_Ward@ebf0O.com, Barney, Ward,yellow,purple                                                                                                                                                                                                                                                                                                                                                                                                                                                                                                                                                                                                                                                                                                                                                                                                                                                                                                                                                                                                                                                                                                                                                                                                                                                                                                                                                                                                                                                                                                                                                                                                                                                                                                                                                                                                                                                                                                                                                                                                                                                                                                                                                                                                                                                                                                                                                                                                                                                                                                                                                                                                                                                                                                                                                                                                                                                                                                                                                                                                                                                                                                                                                                                                                                                                                                                                                                                                                                                                                                                                                                                                                                                                               Marge_Flinstone@L.com, Marge, Flinstone,yellow,purple                                                                                                                                                                                                                                                                                                                                                                                                                                                                           John_Ward@okht.com, John, Ward,darkred,red                                                                                                                                                                                                                                                                                                                                                                                                                                                                                      Curly_Wayne@lZv1Z.com, Curly, Wayne,purple,black                                                                                                                                                                                                                                                                                                                                                                                                                                                                                Mary_Larry@g.com, Mary, Larry,darkred,red                                                                                                                                                                                                                                                                                                                                                                                                                                                                                       Tom_Bobson@u.com, Tom, Bobson,purple,brown                                                                                                                                                                                                                                                                                                                                                                                                                                                                                      Ward_Simpson@gW.com, Ward, Simpson,white,red                                                                                                                                                                                                                                                                                                                                                                                                                                                                                    Tom_Johnson@U6.gov, Tom, Johnson,lightgreen,lightblue                                                                                                                                                                                                                                                                                                                                                                                                                                                                           Tom_Struthers@S0i.com, Tom, Struthers,brown,lightgreen                                                                                                                                                                                                                                                                                                                                                                                                                                                                          Larry_Thatcher@VsNet.com, Larry, Thatcher,darkgreen,red                                                                                                                                                                                                                                                                                                                                                                                                                                                                         Curly_Thatcher@63ay.com, Curly, Thatcher,pink,lightyellow                                                                                                                                                                                                                                                                                                                                                                                                                                                                       Maggie_Rubble@Jr.com, Maggie, Rubble,yellow,lightyellow                                                                                                                                                                                                                                                                                                                                                                                                                                                                         Curly_Moore@nEa.com, Curly, Moore,pink,brown                                                                                                                                                                                                                                                                                                                                                                                                                                                                                    Bruce_Bobson@dw.com, Bruce, Bobson,lightblue,lightyellow                                                                                                                                                                                                                                                                                                                                                                                                                                                                                                                                                                                                                                                                                                                                                                                                                                                                                                                                                                                                                                                                                                                                                                                                                                                                                                                                                                                                                                                                                                                                                                                                                                                                                                                                                                                                                                                                                                                                                                                                                                                                        Angie_Curlyfries@wm.net, Angie, Curlyfries,yellow,white                                                                                                                                                                                                                                                                                                                                                                                                                                                                         Barney_Dickinson@Cs.com, Barney, Dickinson,red,white                                                                                                                                                                                                                                                                                                                                                                                                                                                                            Ward_Flinstone@1q.gov, Ward, Flinstone,lightgreen,lightblue                                                                                                                                                                                                                                                                                                                                                                                                                                                                     Barney_Dickinson@Zs0.com, Barney, Dickinson,pink,darkblue                                                                                                                                                                                                                                                                                                                                                                                                                                                                       Mary_Moore@CQX5Ug.cc.ca.us, Mary, Moore,purple,darkred                                                                                                                                                                                                                                                                                                                                                                                                                                                                                                                                                                                                                                                                                                                                                                                                                                                                                                                                                                                                                                                                                                                                                                                                                                                                                                                                                                                                                                                                                                                                                                                                                                                                                                                                                                                                                                                                                                                                                                                                                                                                          